{"version":"5.3.0","objects":[{"type":"image","version":"5.3.0","originX":"left","originY":"top","left":-5.48,"top":111.21,"width":736,"height":1308,"fill":"rgb(0,0,0)","stroke":null,"strokeWidth":0,"strokeDashArray":null,"strokeLineCap":"butt","strokeDashOffset":0,"strokeLineJoin":"miter","strokeUniform":false,"strokeMiterLimit":4,"scaleX":0.61,"scaleY":0.57,"angle":0,"flipX":false,"flipY":false,"opacity":1,"shadow":null,"visible":true,"backgroundColor":"","fillRule":"nonzero","paintFirst":"fill","globalCompositeOperation":"source-over","skewX":0,"skewY":0,"cropX":0,"cropY":0,"src":"https://i.pinimg.com/736x/c4/77/3e/c4773ec5028b82bbe19d09d6dff17f41.jpg","crossOrigin":null,"filters":[]},{"type":"textbox","version":"5.3.0","originX":"left","originY":"top","left":235.63,"top":2.99,"width":378.92,"height":45.2,"fill":"black","stroke":null,"strokeWidth":1,"strokeDashArray":null,"strokeLineCap":"butt","strokeDashOffset":0,"strokeLineJoin":"miter","strokeUniform":false,"strokeMiterLimit":4,"scaleX":2.19,"scaleY":2.19,"angle":0,"flipX":false,"flipY":false,"opacity":1,"shadow":null,"visible":true,"backgroundColor":"","fillRule":"nonzero","paintFirst":"fill","globalCompositeOperation":"source-over","skewX":0,"skewY":0,"fontFamily":"Arial","fontWeight":"normal","fontSize":40,"text":"Rotação de Imagens","underline":false,"overline":false,"linethrough":false,"textAlign":"left","fontStyle":"normal","lineHeight":1.16,"textBackgroundColor":"","charSpacing":0,"styles":[],"direction":"ltr","path":null,"pathStartOffset":0,"pathSide":"left","pathAlign":"baseline","minWidth":20,"splitByGrapheme":false},{"type":"image","version":"5.3.0","originX":"left","originY":"top","left":966.53,"top":110.86,"width":1024,"height":1536,"fill":"rgb(0,0,0)","stroke":null,"strokeWidth":0,"strokeDashArray":null,"strokeLineCap":"butt","strokeDashOffset":0,"strokeLineJoin":"miter","strokeUniform":false,"strokeMiterLimit":4,"scaleX":0.68,"scaleY":0.68,"angle":0,"flipX":false,"flipY":false,"opacity":1,"shadow":null,"visible":true,"backgroundColor":"","fillRule":"nonzero","paintFirst":"fill","globalCompositeOperation":"source-over","skewX":0,"skewY":0,"cropX":0,"cropY":0,"src":"https://imagens.mdig.com.br/arte/interpretacoes_noite_estrelada_01.jpg","crossOrigin":null,"filters":[]},{"type":"image","version":"5.3.0","originX":"left","originY":"top","left":443.44,"top":109.63,"width":700,"height":875,"fill":"rgb(0,0,0)","stroke":null,"strokeWidth":0,"strokeDashArray":null,"strokeLineCap":"butt","strokeDashOffset":0,"strokeLineJoin":"miter","strokeUniform":false,"strokeMiterLimit":4,"scaleX":0.75,"scaleY":0.75,"angle":0,"flipX":false,"flipY":false,"opacity":1,"shadow":null,"visible":true,"backgroundColor":"","fillRule":"nonzero","paintFirst":"fill","globalCompositeOperation":"source-over","skewX":0,"skewY":0,"cropX":0,"cropY":0,"src":"https://i.pinimg.com/736x/d1/bc/d6/d1bcd6e891f5d4cf341b6eb777d93d50.jpg","crossOrigin":null,"filters":[]}]}