{"version":"5.3.0",
"objects":[
    {"type":"image","version":"5.3.0","originX":"left","originY":"top","left":21.59,"top":26.27,"width":200,"height":152,"fill":"rgb(0,0,0)","stroke":null,"strokeWidth":0,"strokeDashArray":null,"strokeLineCap":"butt","strokeDashOffset":0,"strokeLineJoin":"miter","strokeUniform":false,"strokeMiterLimit":4,"scaleX":0.63,"scaleY":0.63,"angle":0,"flipX":false,"flipY":false,"opacity":1,"shadow":null,"visible":true,"backgroundColor":"","fillRule":"nonzero","paintFirst":"fill","globalCompositeOperation":"source-over","skewX":0,"skewY":0,"cropX":0,"cropY":0,"src":"/assets/t.png","crossOrigin":null,"filters":[]},
    {"type":"textbox","version":"5.3.0","originX":"left","originY":"top","left":43.82,"top":219.67,"width":284.02,"height":202.5,"fill":"#ffffff","stroke":null,"strokeWidth":1,"strokeDashArray":null,"strokeLineCap":"butt","strokeDashOffset":0,"strokeLineJoin":"miter","strokeUniform":false,"strokeMiterLimit":4,"scaleX":1.39,"scaleY":2.13,"angle":0,"flipX":false,"flipY":false,"opacity":1,"shadow":null,"visible":true,"backgroundColor":"","fillRule":"nonzero","paintFirst":"fill","globalCompositeOperation":"source-over","skewX":0,"skewY":0,"fontFamily":"Cursive","fontWeight":"normal","fontSize":40,"text":"Não limite os seus desafios.\n Desafie os seus limites.","underline":false,"overline":false,"linethrough":false,"textAlign":"left","fontStyle":"normal","lineHeight":1.16,"textBackgroundColor":"","charSpacing":0,"styles":[],"direction":"ltr","path":null,"pathStartOffset":0,"pathSide":"left","pathAlign":"baseline","minWidth":20,"splitByGrapheme":false},
    {"type":"image","version":"5.3.0","originX":"left","originY":"top","left":461.47,"top":835.65,"width":200,"height":152,"fill":"rgb(0,0,0)","stroke":null,"strokeWidth":0,"strokeDashArray":null,"strokeLineCap":"butt","strokeDashOffset":0,"strokeLineJoin":"miter","strokeUniform":false,"strokeMiterLimit":4,"scaleX":0.61,"scaleY":0.61,"angle":179.57,"flipX":false,"flipY":false,"opacity":1,"shadow":null,"visible":true,"backgroundColor":"","fillRule":"nonzero","paintFirst":"fill","globalCompositeOperation":"source-over","skewX":0,"skewY":0,"cropX":0,"cropY":0,"src":"/assets/t.png","crossOrigin":null,"filters":[]}
],
"background":"#b87c61"}