{"version":"5.3.0","objects":[{"type":"rect","version":"5.3.0","originX":"left","originY":"top","left":-35.63,"top":483.94,"width":60,"height":70,"fill":"#e98b00","stroke":null,"strokeWidth":1,"strokeDashArray":null,"strokeLineCap":"butt","strokeDashOffset":0,"strokeLineJoin":"miter","strokeUniform":false,"strokeMiterLimit":4,"scaleX":23.07,"scaleY":1.5,"angle":0,"flipX":false,"flipY":false,"opacity":1,"shadow":null,"visible":true,"backgroundColor":"","fillRule":"nonzero","paintFirst":"fill","globalCompositeOperation":"source-over","skewX":0,"skewY":0,"rx":0,"ry":0},{"type":"image","version":"5.3.0","originX":"left","originY":"top","left":8.86,"top":29.04,"width":200,"height":152,"fill":"rgb(0,0,0)","stroke":null,"strokeWidth":0,"strokeDashArray":null,"strokeLineCap":"butt","strokeDashOffset":0,"strokeLineJoin":"miter","strokeUniform":false,"strokeMiterLimit":4,"scaleX":0.39,"scaleY":0.39,"angle":0,"flipX":false,"flipY":false,"opacity":1,"shadow":null,"visible":true,"backgroundColor":"","fillRule":"nonzero","paintFirst":"fill","globalCompositeOperation":"source-over","skewX":0,"skewY":0,"cropX":0,"cropY":0,"src":"http://localhost:8080/assets/t.png","crossOrigin":null,"filters":[]},{"type":"image","version":"5.3.0","originX":"left","originY":"top","left":1268.22,"top":471.53,"width":200,"height":152,"fill":"rgb(0,0,0)","stroke":null,"strokeWidth":0,"strokeDashArray":null,"strokeLineCap":"butt","strokeDashOffset":0,"strokeLineJoin":"miter","strokeUniform":false,"strokeMiterLimit":4,"scaleX":0.43,"scaleY":0.43,"angle":180.02,"flipX":false,"flipY":false,"opacity":1,"shadow":null,"visible":true,"backgroundColor":"","fillRule":"nonzero","paintFirst":"fill","globalCompositeOperation":"source-over","skewX":0,"skewY":0,"cropX":0,"cropY":0,"src":"http://localhost:8080/assets/t.png","crossOrigin":null,"filters":[]},{"type":"textbox","version":"5.3.0","originX":"left","originY":"top","left":108.02,"top":204.16,"width":830.3,"height":45.2,"fill":"#ffffff","stroke":null,"strokeWidth":1,"strokeDashArray":null,"strokeLineCap":"butt","strokeDashOffset":0,"strokeLineJoin":"miter","strokeUniform":false,"strokeMiterLimit":4,"scaleX":1.26,"scaleY":1.93,"angle":0,"flipX":false,"flipY":false,"opacity":1,"shadow":null,"visible":true,"backgroundColor":"","fillRule":"nonzero","paintFirst":"fill","globalCompositeOperation":"source-over","skewX":0,"skewY":0,"fontFamily":"Cursive","fontWeight":"normal","fontSize":40,"text":"Não é possível gerenciar o que não é medido","underline":false,"overline":false,"linethrough":false,"textAlign":"left","fontStyle":"normal","lineHeight":1.16,"textBackgroundColor":"","charSpacing":0,"styles":[],"direction":"ltr","path":null,"pathStartOffset":0,"pathSide":"left","pathAlign":"baseline","minWidth":20,"splitByGrapheme":false},{"type":"textbox","version":"5.3.0","originX":"left","originY":"top","left":990.08,"top":511.59,"width":276.94,"height":45.2,"fill":"#ffffff","stroke":null,"strokeWidth":1,"strokeDashArray":null,"strokeLineCap":"butt","strokeDashOffset":0,"strokeLineJoin":"miter","strokeUniform":false,"strokeMiterLimit":4,"scaleX":1,"scaleY":1,"angle":0,"flipX":false,"flipY":false,"opacity":1,"shadow":null,"visible":true,"backgroundColor":"","fillRule":"nonzero","paintFirst":"fill","globalCompositeOperation":"source-over","skewX":0,"skewY":0,"fontFamily":"Cursive","fontWeight":"normal","fontSize":40,"text":"Peter Drucker","underline":false,"overline":false,"linethrough":false,"textAlign":"left","fontStyle":"normal","lineHeight":1.16,"textBackgroundColor":"","charSpacing":0,"styles":[],"direction":"ltr","path":null,"pathStartOffset":0,"pathSide":"left","pathAlign":"baseline","minWidth":20,"splitByGrapheme":false},{"type":"image","version":"5.3.0","originX":"left","originY":"top","left":6.46,"top":605.83,"width":8001,"height":2977,"fill":"rgb(0,0,0)","stroke":null,"strokeWidth":0,"strokeDashArray":null,"strokeLineCap":"butt","strokeDashOffset":0,"strokeLineJoin":"miter","strokeUniform":false,"strokeMiterLimit":4,"scaleX":0.03,"scaleY":0.03,"angle":0,"flipX":false,"flipY":false,"opacity":1,"shadow":null,"visible":true,"backgroundColor":"","fillRule":"nonzero","paintFirst":"fill","globalCompositeOperation":"source-over","skewX":0,"skewY":0,"cropX":0,"cropY":0,"src":"https://nirooh.com/wp-content/uploads/2023/06/logo_NIROOH_logo_color_invert-unbox.png","crossOrigin":null,"filters":[]}],"background":"#754600"}