{"version":"5.3.0","objects":[{"type":"image","version":"5.3.0","originX":"left","originY":"top","left":282.04,"top":53.92,"width":696,"height":464,"fill":"rgb(0,0,0)","stroke":null,"strokeWidth":0,"strokeDashArray":null,"strokeLineCap":"butt","strokeDashOffset":0,"strokeLineJoin":"miter","strokeUniform":false,"strokeMiterLimit":4,"scaleX":1.34,"scaleY":1.34,"angle":358.83,"flipX":false,"flipY":false,"opacity":1,"shadow":null,"visible":true,"backgroundColor":"","fillRule":"nonzero","paintFirst":"fill","globalCompositeOperation":"source-over","skewX":0,"skewY":0,"cropX":0,"cropY":0,"src":"https://www.napratica.org.br/wp-content/uploads/2021/03/MANDALA-IKIGAI-NA-PRATICA-696x464.jpg","crossOrigin":null,"filters":[]},{"type":"textbox","version":"5.3.0","originX":"left","originY":"top","left":47.65,"top":53.14,"width":167.16,"height":45.2,"fill":"#ffffff","stroke":null,"strokeWidth":1,"strokeDashArray":null,"strokeLineCap":"butt","strokeDashOffset":0,"strokeLineJoin":"miter","strokeUniform":false,"strokeMiterLimit":4,"scaleX":2.05,"scaleY":3.15,"angle":0,"flipX":false,"flipY":false,"opacity":1,"shadow":null,"visible":true,"backgroundColor":"","fillRule":"nonzero","paintFirst":"fill","globalCompositeOperation":"source-over","skewX":0,"skewY":0,"fontFamily":"Cursive","fontWeight":"normal","fontSize":40,"text":"Ikigai","underline":false,"overline":false,"linethrough":false,"textAlign":"left","fontStyle":"normal","lineHeight":1.16,"textBackgroundColor":"","charSpacing":0,"styles":[],"direction":"ltr","path":null,"pathStartOffset":0,"pathSide":"left","pathAlign":"baseline","minWidth":20,"splitByGrapheme":false}],"background":"#03989e"}