{"version":"5.3.0","objects":[{"type":"image","version":"5.3.0","originX":"left","originY":"top","left":17.97,"top":25.92,"width":200,"height":152,"fill":"rgb(0,0,0)","stroke":null,"strokeWidth":0,"strokeDashArray":null,"strokeLineCap":"butt","strokeDashOffset":0,"strokeLineJoin":"miter","strokeUniform":false,"strokeMiterLimit":4,"scaleX":1,"scaleY":1,"angle":0,"flipX":false,"flipY":false,"opacity":1,"shadow":null,"visible":true,"backgroundColor":"","fillRule":"nonzero","paintFirst":"fill","globalCompositeOperation":"source-over","skewX":0,"skewY":0,"cropX":0,"cropY":0,"src":"http://172.28.176.1:1990/assets/t.png","crossOrigin":null,"filters":[]},{"type":"image","version":"5.3.0","originX":"left","originY":"top","left":1256.22,"top":697.34,"width":200,"height":152,"fill":"rgb(0,0,0)","stroke":null,"strokeWidth":0,"strokeDashArray":null,"strokeLineCap":"butt","strokeDashOffset":0,"strokeLineJoin":"miter","strokeUniform":false,"strokeMiterLimit":4,"scaleX":1,"scaleY":1,"angle":180.02,"flipX":false,"flipY":false,"opacity":1,"shadow":null,"visible":true,"backgroundColor":"","fillRule":"nonzero","paintFirst":"fill","globalCompositeOperation":"source-over","skewX":0,"skewY":0,"cropX":0,"cropY":0,"src":"http://172.28.176.1:1990/assets/t.png","crossOrigin":null,"filters":[]},{"type":"textbox","version":"5.3.0","originX":"left","originY":"top","left":166.74,"top":244.25,"width":532.12,"height":97.63,"fill":"#ffffff","stroke":null,"strokeWidth":1,"strokeDashArray":null,"strokeLineCap":"butt","strokeDashOffset":0,"strokeLineJoin":"miter","strokeUniform":false,"strokeMiterLimit":4,"scaleX":1.79,"scaleY":2.75,"angle":0,"flipX":false,"flipY":false,"opacity":1,"shadow":null,"visible":true,"backgroundColor":"","fillRule":"nonzero","paintFirst":"fill","globalCompositeOperation":"source-over","skewX":0,"skewY":0,"fontFamily":"Cursive","fontWeight":"normal","fontSize":40,"text":"Não limite os seus desafios.\n Desafie os seus limites.","underline":false,"overline":false,"linethrough":false,"textAlign":"left","fontStyle":"normal","lineHeight":1.16,"textBackgroundColor":"","charSpacing":0,"styles":[],"direction":"ltr","path":null,"pathStartOffset":0,"pathSide":"left","pathAlign":"baseline","minWidth":20,"splitByGrapheme":false}],"background":"#b87c61"}